{
  "N": 22741,
  "L_sem": 3,
  "K_list": [
    256,
    256,
    256
  ],
  "collision_rate_sem": 0.16305351567653137,
  "unique_rate_sem": 0.8369464843234686,
  "max_bucket_sem": 28,
  "p95_bucket_sem": 2.0,
  "p50_bucket_sem": 1.0,
  "mean_bucket_sem": 1.1948195239846582,
  "num_buckets_sem": 19033,
  "collision_rate_prefix_1": 0.9925684886328657,
  "max_bucket_prefix_1": 526,
  "collision_rate_prefix_2": 0.5696759157468889,
  "max_bucket_prefix_2": 46,
  "collision_rate_prefix_3": 0.16305351567653137,
  "max_bucket_prefix_3": 28,
  "CUR_1": 0.66015625,
  "entropy_1": 4.769737214658913,
  "perplexity_1": 117.88825858361827,
  "top1_share_1": 0.02313002946220483,
  "CUR_2": 1.0,
  "entropy_2": 5.485639766293805,
  "perplexity_2": 241.20320832885255,
  "top1_share_2": 0.008486873928147398,
  "CUR_3": 1.0,
  "entropy_3": 5.485301971313853,
  "perplexity_3": 241.12174485568147,
  "top1_share_3": 0.008926608328569544,
  "PAS_sem": 0.9693664501283891,
  "bucket_purity_weighted_sem": 0.9981531155182269,
  "bucket_purity_unweighted_sem": 0.9991558521164995
}